82,Aaron Gordon,DEN,73,31.5,13.9,5.5,9.8,55.6,0.5,1.9,29.0,2.4,3.7,65.8,2.4,4.1,6.5,3.5,0.8,0.6,1.4,18.2,68,30.2,16.3,6.3,11.2,56.4,0.9,2.5,34.7,2.8,4.6,60.8,2.4,4.1,6.6,3.0,0.8,0.8,1.4,19.3,75,31.7,15.0,5.8,11.1,52.0,1.2,3.5,33.5,2.3,3.1,74.3,1.7,4.2,5.9,2.5,0.6,0.6,1.8,16.7
197,Aaron Holiday,HOU,78,16.3,6.6,2.4,5.3,44.6,1.1,2.8,38.7,0.7,0.8,92.1,0.3,1.3,1.6,1.8,0.5,0.1,0.7,6.9,63,13.4,3.9,1.5,3.5,41.8,0.6,1.4,40.9,0.4,0.5,84.4,0.4,0.8,1.2,1.4,0.6,0.2,0.6,4.6,63,16.2,6.3,2.4,5.4,44.7,0.6,1.6,37.9,0.9,1.1,86.8,0.4,1.6,1.9,2.4,0.7,0.1,1.1,7.3
159,Al Horford,BOS,65,26.8,8.6,3.3,6.4,51.1,1.7,4.0,41.9,0.4,0.5,86.7,1.3,5.1,6.4,2.6,0.6,1.0,0.7,15.2,63,30.5,9.8,3.6,7.6,47.6,2.3,5.2,44.6,0.2,0.3,71.4,1.2,5.0,6.2,3.0,0.5,1.0,0.6,15.7,69,29.1,10.2,3.9,8.2,46.7,1.3,3.8,33.6,1.2,1.4,84.2,1.6,6.1,7.7,3.4,0.7,1.3,0.9,17.7
32,Alperen Sengun,HOU,63,32.5,21.1,8.4,15.6,53.7,0.5,1.8,29.7,3.9,5.6,69.3,2.9,6.4,9.3,5.0,1.2,0.7,2.6,25.9,75,28.9,14.8,5.9,10.7,55.3,0.3,0.8,33.3,2.7,3.8,71.5,3.2,5.8,9.0,3.9,0.9,0.9,2.6,21.1,72,20.7,9.6,3.5,7.3,47.4,0.4,1.6,24.8,2.3,3.2,71.1,1.9,3.5,5.5,2.6,0.8,0.9,2.0,12.6
164,Andre Drummond,CHI,79,17.1,8.4,3.4,6.1,55.6,0.0,0.0,0.0,1.6,2.8,59.2,3.4,5.6,9.0,0.5,0.9,0.6,1.0,14.5,67,12.7,6.0,2.5,4.1,60.6,0.0,0.0,0.0,1.0,1.9,53.6,2.1,4.6,6.6,0.5,0.7,0.4,1.1,10.6,73,19.7,7.9,3.4,5.9,57.0,0.0,0.0,0.0,1.2,2.2,52.4,3.1,6.2,9.3,1.8,1.1,0.9,1.6,15.9
12,Anthony Edwards,MIN,79,35.1,25.9,9.1,19.7,46.1,2.4,6.7,35.7,5.4,6.4,83.6,0.7,4.8,5.4,5.1,1.3,0.5,3.1,23.6,79,36.0,24.6,8.9,19.5,45.9,2.7,7.3,36.9,4.0,5.3,75.6,0.6,5.2,5.8,4.4,1.6,0.7,3.3,22.0,72,34.3,21.3,7.6,17.3,44.1,3.0,8.4,35.7,3.1,3.9,78.6,0.9,3.9,4.8,3.8,1.5,0.6,2.6,18.8
65,Austin Reaves,LAL,82,32.1,15.9,5.6,11.5,48.6,1.9,5.1,36.7,2.8,3.3,85.3,0.7,3.6,4.3,5.5,0.8,0.3,2.1,18.2,64,28.8,13.0,4.0,7.7,52.9,1.3,3.4,39.8,3.6,4.1,86.4,0.5,2.5,3.0,3.4,0.5,0.3,1.5,14.5,61,23.2,7.3,2.4,5.2,45.9,0.9,2.7,31.7,1.6,1.9,83.9,0.7,2.4,3.2,1.8,0.5,0.3,0.7,9.3
106,Ayo Dosunmu,CHI,76,29.1,12.2,4.7,9.5,50.1,1.6,3.9,40.3,1.1,1.4,81.0,0.7,2.1,2.8,3.2,0.9,0.5,1.4,13.2,80,26.2,8.6,3.5,7.1,49.3,0.7,2.4,31.2,0.8,1.0,80.5,0.6,2.2,2.8,2.6,0.8,0.3,1.2,10.0,77,27.4,8.8,3.6,6.9,52.0,0.9,2.4,37.6,0.7,1.0,67.9,0.4,2.4,2.8,3.3,0.8,0.4,1.4,11.0
84,Bobby Portis,MIL,82,24.5,13.8,5.7,11.2,50.8,1.2,3.0,40.7,1.2,1.5,79.0,1.7,5.7,7.4,1.3,0.8,0.4,1.1,16.8,70,26.0,14.1,5.7,11.5,49.6,1.4,3.7,37.0,1.4,1.8,76.8,2.2,7.4,9.6,1.5,0.4,0.2,1.2,18.5,72,28.2,14.6,5.8,12.1,47.9,1.8,4.7,39.3,1.2,1.6,75.2,2.5,6.6,9.1,1.2,0.7,0.7,1.3,18.4
125,Bruce Brown,TOR,67,27.8,10.8,4.1,8.7,47.8,0.8,2.4,32.3,1.7,2.1,82.4,0.8,3.4,4.2,2.9,0.9,0.3,1.3,12.9,80,28.5,11.5,4.5,9.3,48.3,1.1,3.2,35.8,1.5,1.9,75.8,0.8,3.3,4.1,3.4,1.1,0.6,1.5,13.9,72,24.6,9.0,3.6,7.0,50.6,0.5,1.3,40.4,1.3,1.8,75.8,1.4,3.4,4.8,2.1,1.1,0.7,0.8,12.9
107,Buddy Hield,PHI,84,25.7,12.1,4.4,10.1,43.6,2.6,6.8,38.6,0.6,0.7,88.1,0.7,2.5,3.2,2.8,0.8,0.5,1.2,12.4,80,31.0,16.8,5.9,13.0,45.8,3.6,8.5,42.5,1.3,1.6,82.2,0.8,4.2,5.0,2.8,1.2,0.3,1.7,17.0,81,30.9,15.6,5.5,13.6,40.6,3.2,8.8,36.6,1.4,1.6,87.4,0.8,3.5,4.4,2.8,0.9,0.3,1.9,13.9
38,CJ McCollum,NOP,66,32.7,20.0,7.3,16.0,45.9,3.6,8.4,42.9,1.7,2.1,82.7,0.6,3.7,4.3,4.6,0.9,0.6,1.7,19.9,75,35.3,20.9,7.8,17.9,43.7,2.8,7.2,38.9,2.4,3.2,76.9,0.7,3.6,4.4,5.7,0.9,0.5,2.4,19.2,62,34.6,22.1,8.6,18.8,46.0,2.9,7.6,38.8,1.9,2.7,68.2,0.9,3.5,4.3,5.1,1.1,0.4,2.0,20.0
139,Caleb Martin,MIA,64,27.5,10.0,3.8,8.7,43.1,1.3,3.6,34.9,1.2,1.5,77.8,1.2,3.2,4.4,2.2,0.7,0.5,1.2,11.3,71,29.3,9.6,3.6,7.7,46.4,1.2,3.3,35.6,1.3,1.6,80.5,1.2,3.6,4.8,1.6,1.0,0.4,1.1,12.0,60,22.9,9.2,3.5,6.8,50.7,1.1,2.6,41.3,1.2,1.6,76.3,1.2,2.7,3.8,1.1,1.0,0.5,0.9,11.0
78,Caris LeVert,CLE,68,28.8,14.0,5.1,12.1,42.1,1.6,4.9,32.5,2.3,3.0,76.6,0.6,3.5,4.1,5.1,1.1,0.5,1.7,15.4,74,30.2,12.1,4.3,10.0,43.1,1.7,4.4,39.2,1.8,2.4,72.2,0.7,3.1,3.8,3.9,1.0,0.3,1.6,13.2,58,30.7,17.0,6.5,14.7,44.4,1.4,4.4,32.0,2.5,3.3,75.6,0.7,2.9,3.7,4.3,0.9,0.4,1.9,15.4
193,Cedi Osman,SAS,72,17.6,6.8,2.6,5.3,47.9,1.2,3.1,38.9,0.5,0.7,67.3,0.3,2.2,2.5,1.7,0.5,0.2,0.7,7.9,77,20.1,8.7,3.1,6.9,45.1,1.5,4.1,37.2,1.0,1.4,69.4,0.3,2.0,2.3,1.5,0.5,0.1,0.7,8.2,66,22.2,10.7,3.7,8.7,43.2,1.9,5.4,35.7,1.3,2.0,66.4,0.4,1.8,2.2,2.0,0.8,0.2,1.0,9.3
152,Chris Paul,GSW,58,26.4,9.2,3.6,8.1,44.1,1.3,3.6,37.1,0.7,0.9,82.7,0.3,3.6,3.9,6.8,1.2,0.1,1.3,15.2,59,32.0,13.9,5.0,11.3,44.0,1.7,4.4,37.5,2.3,2.7,83.1,0.5,3.8,4.3,8.9,1.5,0.4,1.9,20.2,65,32.9,14.7,5.6,11.3,49.3,1.0,3.1,31.7,2.6,3.1,83.7,0.3,4.0,4.4,10.8,1.9,0.3,2.4,23.5
114,Clint Capela,ATL,73,25.8,11.5,4.8,8.5,57.1,0.0,0.0,0.0,1.8,2.8,63.1,4.6,6.0,10.6,1.2,0.6,1.5,1.0,19.7,65,26.6,12.0,5.4,8.2,65.3,0.0,0.0,0.0,1.2,2.0,60.3,4.0,7.1,11.0,0.9,0.7,1.2,0.8,21.3,74,27.6,11.1,5.0,8.2,61.3,0.0,0.0,0.0,1.1,2.3,47.3,3.8,8.1,11.9,1.2,0.7,1.3,0.6,21.2
47,Coby White,CHI,79,36.5,19.1,6.8,15.3,44.7,2.6,7.0,37.6,2.8,3.3,83.8,0.6,4.0,4.5,5.1,0.7,0.2,2.1,18.6,74,23.4,9.7,3.6,8.0,44.3,1.7,4.6,37.2,0.8,0.9,87.1,0.2,2.6,2.9,2.8,0.7,0.1,1.0,10.5,61,27.5,12.7,4.6,10.6,43.3,2.2,5.8,38.5,1.3,1.5,85.7,0.3,2.7,3.0,2.9,0.5,0.2,1.1,11.8
113,Cole Anthony,ORL,81,22.4,11.6,4.1,9.4,43.5,1.1,3.4,33.8,2.2,2.7,82.6,0.8,3.0,3.8,2.9,0.8,0.5,1.6,12.2,60,25.9,13.0,4.6,10.2,45.4,1.3,3.4,36.4,2.5,2.8,89.4,0.8,4.0,4.8,3.9,0.6,0.5,1.5,15.5,65,31.7,16.3,5.5,14.0,39.1,2.0,6.0,33.8,3.3,3.9,85.4,0.5,4.9,5.4,5.7,0.7,0.3,2.6,16.6
92,Corey Kispert,WAS,80,25.8,13.4,4.8,9.9,48.6,2.3,6.0,38.3,1.4,2.0,72.6,0.4,2.4,2.8,2.0,0.5,0.2,1.2,12.0,74,28.3,11.1,3.9,7.9,49.7,2.2,5.2,42.4,1.0,1.2,85.2,0.4,2.4,2.8,1.2,0.4,0.1,0.7,10.7,77,23.4,8.2,3.0,6.7,45.5,1.5,4.2,35.0,0.7,0.8,87.1,0.7,2.0,2.7,1.1,0.5,0.3,0.6,8.4
51,D'Angelo Russell,LAL,76,32.7,18.0,6.5,14.2,45.6,3.0,7.2,41.5,2.1,2.5,82.8,0.4,2.7,3.1,6.3,0.9,0.5,2.1,18.6,71,32.5,17.8,6.3,13.4,46.9,2.7,6.9,39.6,2.5,3.0,82.9,0.5,2.5,3.0,6.2,1.0,0.4,2.6,18.1,65,32.0,18.1,6.2,15.0,41.1,2.7,8.0,34.0,3.0,3.7,82.5,0.4,2.9,3.3,7.1,1.0,0.3,2.5,17.8
121,Daniel Gafford,DAL,74,24.5,11.0,4.7,6.5,72.5,0.0,0.0,0.0,1.6,2.4,67.4,2.6,5.0,7.6,1.6,0.9,2.1,1.0,19.5,78,20.6,9.0,3.7,5.1,73.2,0.0,0.0,0.0,1.6,2.4,67.9,2.1,3.5,5.6,1.1,0.4,1.3,1.1,14.1,72,20.1,9.4,4.0,5.7,69.3,0.0,0.0,0.0,1.5,2.1,69.9,2.2,3.5,5.7,0.9,0.4,1.4,0.9,14.5
216,Davion Mitchell,SAC,72,15.3,5.3,2.0,4.5,45.2,0.8,2.2,36.1,0.4,0.6,71.4,0.3,1.1,1.3,1.9,0.2,0.0,0.6,5.5,80,18.1,5.6,2.3,5.0,45.4,0.8,2.5,32.0,0.3,0.4,80.6,0.2,1.1,1.3,2.3,0.6,0.2,0.8,6.4,75,27.7,11.5,4.7,11.2,41.8,1.3,4.3,31.6,0.7,1.1,65.9,0.4,1.8,2.2,4.2,0.7,0.3,1.5,10.5
8,De'Aaron Fox,SAC,74,35.9,26.6,9.7,20.9,46.5,2.9,7.8,36.9,4.2,5.7,73.8,0.9,3.7,4.6,5.6,2.0,0.4,2.6,23.9,73,33.4,25.0,9.3,18.2,51.2,1.6,5.0,32.4,4.7,6.0,78.0,0.5,3.6,4.2,6.1,1.1,0.3,2.5,24.1,59,35.3,23.2,8.7,18.5,47.3,1.3,4.2,29.7,4.4,5.9,75.0,0.4,3.5,3.9,5.6,1.2,0.4,2.8,20.2
17,DeMar DeRozan,CHI,79,37.8,24.0,8.2,17.2,48.0,0.9,2.8,33.3,6.6,7.7,85.3,0.5,3.8,4.3,5.3,1.1,0.6,1.7,23.6,74,36.2,24.5,8.9,17.6,50.4,0.6,1.9,32.4,6.2,7.1,87.2,0.5,4.2,4.6,5.1,1.1,0.5,2.1,24.2,76,36.1,27.9,10.2,20.2,50.4,0.7,1.9,35.2,6.8,7.8,87.7,0.7,4.4,5.2,4.9,0.9,0.3,2.4,25.8
25,Dejounte Murray,ATL,78,35.7,22.5,8.6,18.8,45.9,2.6,7.1,36.3,2.7,3.4,79.4,0.8,4.5,5.3,6.4,1.4,0.3,2.6,22.6,74,36.4,20.5,8.3,17.8,46.4,1.8,5.2,34.4,2.1,2.6,83.2,0.7,4.5,5.3,6.1,1.5,0.3,2.2,21.4,68,34.8,21.1,8.4,18.3,46.2,1.4,4.3,32.7,2.9,3.6,79.4,1.2,7.1,8.3,9.2,2.0,0.3,2.6,27.8
74,Deni Avdija,WAS,75,30.1,14.7,5.4,10.7,50.6,1.2,3.1,37.4,2.7,3.6,74.0,1.1,6.1,7.2,3.8,0.8,0.5,2.1,18.6,76,26.6,9.2,3.3,7.6,43.7,0.9,3.1,29.7,1.6,2.2,73.9,1.0,5.4,6.4,2.8,0.9,0.4,1.6,13.1,82,24.2,8.4,3.0,7.1,43.2,1.0,3.2,31.7,1.3,1.7,75.7,0.6,4.5,5.2,2.0,0.7,0.5,1.1,11.4
77,Dennis Schröder,BKN,80,31.1,14.0,5.0,11.6,43.5,1.7,4.6,37.5,2.2,2.7,83.6,0.5,2.5,3.0,6.1,0.8,0.2,1.9,15.3,67,29.6,12.4,4.0,9.7,41.5,1.1,3.4,32.9,3.2,3.8,85.7,0.3,2.1,2.5,4.4,0.7,0.1,1.7,12.3,64,28.7,13.5,4.9,11.3,43.1,1.3,3.9,34.4,2.5,2.9,85.3,0.5,2.8,3.3,4.6,0.8,0.1,2.2,13.4
72,Derrick White,BOS,73,32.6,15.2,5.3,11.5,46.1,2.7,6.8,39.6,1.9,2.1,90.1,0.7,3.5,4.2,5.2,1.0,1.2,1.5,18.8,82,28.3,12.4,4.3,9.2,46.2,1.8,4.8,38.1,2.0,2.3,87.5,0.6,2.9,3.6,3.9,0.7,0.9,1.2,15.0,75,29.3,13.2,4.5,10.7,42.1,1.5,4.9,31.2,2.7,3.1,86.4,0.5,3.0,3.5,4.9,0.9,0.8,1.6,15.0
45,Domantas Sabonis,SAC,82,35.7,19.4,7.7,13.0,59.4,0.4,1.1,37.9,3.6,5.1,70.4,3.6,10.1,13.7,8.2,0.9,0.6,3.3,32.7,79,34.6,19.1,7.3,11.9,61.5,0.4,1.1,37.3,4.1,5.5,74.2,3.2,9.1,12.3,7.3,0.8,0.5,2.9,31.1,62,34.5,18.9,7.1,12.5,57.3,0.6,2.0,31.2,4.0,5.4,74.1,3.2,8.9,12.1,5.2,1.0,0.4,3.1,27.8
161,Dorian Finney-Smith,BKN,68,28.5,8.5,3.2,7.5,42.1,1.7,4.9,34.8,0.5,0.7,71.7,1.6,3.1,4.7,1.6,0.8,0.6,0.9,10.7,66,30.4,8.3,3.0,7.6,39.1,1.7,5.1,33.7,0.7,0.9,76.3,1.7,3.1,4.8,1.5,0.8,0.5,0.9,10.3,80,33.1,11.0,4.1,8.7,47.1,2.2,5.4,39.5,0.7,1.0,67.5,1.5,3.2,4.7,1.9,1.1,0.5,1.0,13.2
218,Drew Eubanks,PHX,75,15.6,5.1,2.0,3.4,60.1,0.0,0.0,100,1.0,1.2,77.4,1.4,2.9,4.3,0.8,0.4,0.8,0.8,8.9,78,20.3,6.6,2.7,4.3,64.1,0.1,0.2,38.9,1.1,1.6,66.4,1.7,3.7,5.4,1.3,0.5,1.3,0.9,12.2,71,17.5,7.7,3.1,5.2,59.6,0.1,0.3,21.7,1.4,1.8,76.2,1.8,3.5,5.4,1.2,0.4,0.6,1.1,11.6
237,Dwight Powell,DAL,63,13.3,3.3,1.1,1.7,67.9,0.0,0.0,33.3,1.0,1.4,70.8,1.5,1.9,3.4,1.3,0.4,0.3,0.5,7.3,76,19.2,6.7,2.6,3.5,73.2,0.0,0.1,0.0,1.5,2.2,66.7,2.0,2.2,4.1,0.9,0.6,0.3,0.9,10.1,82,21.9,8.7,3.3,4.9,67.1,0.2,0.5,35.1,2.0,2.6,78.3,2.1,2.8,4.9,1.2,0.5,0.5,0.8,12.8
41,Franz Wagner,ORL,72,32.5,19.7,7.3,15.2,48.2,1.3,4.6,28.1,3.8,4.4,85.0,1.0,4.3,5.3,3.7,1.1,0.4,1.9,19.8,80,32.6,18.6,6.8,14.0,48.5,1.6,4.5,36.1,3.4,4.0,84.2,0.9,3.2,4.1,3.5,1.0,0.2,2.1,17.5,79,30.7,15.2,5.8,12.3,46.8,1.2,3.4,35.4,2.4,2.8,86.3,1.1,3.4,4.5,2.9,0.9,0.4,1.5,15.4
53,Fred VanVleet,HOU,73,36.8,17.4,5.8,13.9,41.6,3.1,8.0,38.7,2.7,3.1,86.0,0.5,3.4,3.8,8.1,1.4,0.8,1.7,21.2,69,36.7,19.3,6.3,16.1,39.3,3.0,8.8,34.2,3.7,4.1,89.8,0.4,3.6,4.1,7.2,1.8,0.6,2.0,20.7,65,37.9,20.3,6.8,16.9,40.3,3.7,9.9,37.7,3.0,3.4,87.4,0.7,3.8,4.4,6.7,1.7,0.5,2.6,20.6
86,Gary Trent Jr.,TOR,71,28.1,13.7,5.1,11.9,42.6,2.5,6.4,39.3,1.0,1.4,77.1,0.4,2.3,2.6,1.7,1.1,0.1,0.7,11.5,66,32.1,17.4,6.1,14.2,43.3,2.5,6.8,36.9,2.6,3.1,83.9,0.5,2.2,2.6,1.6,1.6,0.2,0.8,14.0,70,35.0,18.3,6.4,15.5,41.4,3.0,7.8,38.3,2.5,2.9,85.3,0.4,2.4,2.7,2.0,1.7,0.3,1.0,14.5
148,Georges Niang,CLE,82,22.3,9.4,3.5,7.7,44.9,1.8,4.8,37.6,0.6,0.7,85.0,0.3,3.1,3.4,1.2,0.4,0.2,0.9,9.3,78,19.4,8.2,2.8,6.4,44.2,2.0,4.9,40.1,0.5,0.6,86.7,0.2,2.1,2.4,1.0,0.4,0.2,0.7,7.7,76,22.8,9.2,3.2,7.4,43.7,2.1,5.1,40.3,0.7,0.8,88.1,0.3,2.3,2.7,1.3,0.4,0.2,0.8,8.8
2,Giannis Antetokounmpo,MIL,73,35.2,30.4,11.5,18.8,61.1,0.5,1.7,27.4,7.0,10.7,65.7,2.7,8.8,11.5,6.5,1.2,1.1,3.4,36.4,63,32.1,31.1,11.2,20.3,55.3,0.7,2.7,27.5,7.9,12.3,64.5,2.2,9.6,11.8,5.7,0.8,0.8,3.9,32.9,67,32.9,29.9,10.3,18.6,55.3,1.1,3.6,29.3,8.3,11.4,72.2,2.0,9.6,11.6,5.8,1.1,1.4,3.3,35.0
131,Grant Williams,CHA,76,28.0,10.3,3.6,8.0,45.6,1.7,4.4,37.5,1.4,1.8,75.7,1.1,3.1,4.2,2.3,0.6,0.5,1.4,11.7,79,25.9,8.1,2.7,6.0,45.4,1.5,3.7,39.5,1.2,1.5,77.0,1.1,3.5,4.6,1.7,0.5,0.4,1.0,10.6,77,24.4,7.8,2.7,5.6,47.5,1.4,3.4,41.1,1.1,1.2,90.5,0.8,2.7,3.6,1.0,0.5,0.7,0.8,9.8
89,Grayson Allen,PHX,75,33.5,13.5,4.5,9.1,49.9,2.7,5.9,46.1,1.7,2.0,87.8,0.6,3.3,3.9,3.0,0.9,0.6,1.3,15.9,72,27.4,10.4,3.4,7.7,44.0,2.0,5.1,39.9,1.6,1.8,90.5,0.8,2.4,3.3,2.3,0.9,0.2,1.0,11.5,66,27.3,11.1,3.9,8.6,44.8,2.4,5.9,40.9,1.0,1.1,86.5,0.5,2.9,3.4,1.5,0.7,0.3,0.7,11.4
103,Harrison Barnes,SAC,82,29.0,12.2,4.2,8.9,47.4,1.8,4.7,38.7,1.9,2.4,80.1,0.8,2.2,3.0,1.2,0.7,0.1,0.7,11.4,82,32.5,15.0,4.6,9.6,47.3,1.6,4.3,37.4,4.3,5.0,84.7,1.1,3.4,4.5,1.6,0.7,0.1,1.0,14.9,77,33.6,16.4,5.1,10.8,46.9,1.8,4.7,39.4,4.4,5.4,82.6,1.1,4.5,5.6,2.4,0.7,0.2,1.5,17.1
120,Herbert Jones,NOP,76,30.5,11.0,3.9,7.7,49.8,1.5,3.6,41.8,1.8,2.1,86.7,1.0,2.6,3.6,2.6,1.4,0.8,1.2,14.0,66,29.6,9.8,3.6,7.6,46.9,0.8,2.5,33.5,1.9,2.4,76.4,1.5,2.6,4.1,2.5,1.6,0.6,1.3,12.6,78,29.9,9.5,3.5,7.4,47.6,0.7,2.2,33.7,1.8,2.1,84.0,1.3,2.5,3.8,2.1,1.7,0.8,1.3,12.4
58,Immanuel Quickley,TOR,68,29.2,17.0,5.7,13.1,43.4,2.5,6.4,39.5,3.1,3.6,85.3,0.3,3.6,3.8,4.9,0.7,0.1,1.5,17.1,81,28.9,14.9,5.2,11.6,44.8,2.1,5.6,37.0,2.5,3.1,81.9,0.7,3.4,4.2,3.4,1.0,0.2,1.2,15.5,78,23.1,11.3,3.6,9.3,39.2,1.8,5.1,34.6,2.3,2.6,88.1,0.4,2.8,3.2,3.5,0.7,0.0,1.3,11.5
147,Isaac Okoro,CLE,69,27.3,9.4,3.4,7.0,49.0,1.2,3.1,39.1,1.3,2.0,67.9,1.0,2.0,3.0,1.9,0.8,0.5,0.8,10.6,76,21.8,6.4,2.3,4.7,49.4,0.8,2.3,36.3,1.0,1.4,75.7,0.7,1.8,2.5,1.1,0.7,0.4,0.6,7.9,67,29.6,8.8,3.1,6.4,48.0,0.8,2.3,35.0,1.8,2.3,76.8,1.1,1.9,3.0,1.8,0.8,0.3,0.9,10.0
176,Isaiah Hartenstein,NYK,75,25.3,7.8,3.1,4.9,64.4,0.0,0.0,33.3,1.5,2.1,70.7,3.3,5.1,8.3,2.5,1.2,1.1,1.2,17.3,82,19.9,5.0,2.1,4.0,53.5,0.1,0.5,21.6,0.6,0.9,67.6,2.5,4.0,6.5,1.2,0.6,0.8,0.8,11.2,68,17.9,8.3,3.4,5.4,62.6,0.2,0.4,46.7,1.3,1.9,68.9,1.7,3.2,4.9,2.4,0.7,1.1,1.2,13.5
111,Ivica Zubac,LAC,68,26.4,11.7,5.0,7.6,64.9,0.0,0.0,0.0,1.8,2.4,72.3,2.9,6.3,9.2,1.4,0.3,1.2,1.2,19.3,76,28.5,10.8,4.3,6.8,63.4,0.0,0.0,0.0,2.2,3.1,69.7,3.1,6.8,9.9,1.0,0.4,1.3,1.5,18.4,76,24.4,10.3,4.1,6.5,62.6,0.0,0.0,0.0,2.2,3.0,72.7,2.9,5.6,8.5,1.6,0.5,1.0,1.5,17.1
127,Jaden McDaniels,MIN,72,29.2,10.5,4.3,8.7,48.9,1.2,3.5,33.7,0.8,1.1,72.2,0.8,2.3,3.1,1.4,0.9,0.6,1.2,10.5,79,30.6,12.1,4.7,9.1,51.7,1.4,3.4,39.8,1.3,1.8,73.6,1.2,2.7,3.9,1.9,0.9,1.0,1.4,13.4,70,25.8,9.2,3.6,7.9,46.0,1.1,3.6,31.7,0.8,1.0,80.3,1.1,3.1,4.2,1.1,0.7,0.8,1.1,10.5
4,Jalen Brunson,NYK,77,35.4,28.7,10.3,21.4,47.9,2.7,6.8,40.1,5.5,6.5,84.7,0.6,3.1,3.6,6.7,0.9,0.2,2.4,25.6,68,35.0,24.0,8.6,17.6,49.1,2.0,4.7,41.6,4.8,5.8,82.9,0.6,3.0,3.5,6.2,0.9,0.2,2.1,22.9,79,31.9,16.3,6.4,12.8,50.2,1.2,3.2,37.3,2.3,2.7,84.0,0.5,3.4,3.9,4.8,0.8,0.0,1.6,17.5
42,Jalen Green,HOU,82,31.7,19.6,6.9,16.2,42.3,2.5,7.4,33.2,3.5,4.3,80.4,0.5,4.7,5.2,3.5,0.8,0.3,2.3,16.9,76,34.2,22.1,7.4,17.9,41.6,2.5,7.3,33.8,4.8,6.1,78.6,0.6,3.2,3.7,3.7,0.8,0.2,2.6,16.2,67,31.9,17.3,6.1,14.2,42.6,2.3,6.8,34.3,2.8,3.5,79.7,0.5,2.9,3.4,2.6,0.7,0.3,2.0,13.3
61,James Harden,LAC,72,34.3,16.6,4.9,11.4,42.8,2.6,6.8,38.1,4.2,4.8,87.8,0.5,4.7,5.1,8.5,1.1,0.8,2.6,22.4,58,36.8,21.0,6.4,14.5,44.1,2.8,7.2,38.5,5.4,6.2,86.7,0.7,5.4,6.1,10.7,1.2,0.5,3.4,27.2,65,37.2,22.0,6.3,15.3,41.0,2.3,6.9,33.0,7.2,8.2,87.7,0.8,6.8,7.7,10.3,1.3,0.6,4.4,27.4
24,Jaren Jackson Jr.,MEM,66,32.2,22.5,7.8,17.6,44.4,1.8,5.5,32.0,5.1,6.3,80.8,1.3,4.2,5.5,2.3,1.2,1.6,2.4,19.8,63,28.4,18.6,6.6,13.0,50.6,1.6,4.5,35.5,3.8,4.9,78.8,1.7,5.0,6.8,1.0,1.0,3.0,1.7,21.2,78,27.3,16.3,5.5,13.3,41.5,1.6,5.1,31.9,3.6,4.4,82.3,1.5,4.3,5.8,1.1,0.9,2.3,1.7,16.2
19,Jaylen Brown,BOS,70,33.5,23.0,9.0,17.9,49.9,2.1,5.9,35.4,3.0,4.3,70.3,1.2,4.3,5.5,3.6,1.2,0.5,2.4,21.2,67,35.9,26.6,10.1,20.6,49.1,2.4,7.3,33.5,3.9,5.1,76.5,1.2,5.7,6.9,3.5,1.1,0.4,2.9,23.8,66,33.6,23.6,8.7,18.4,47.3,2.5,7.0,35.8,3.7,4.8,75.8,0.8,5.3,6.1,3.5,1.1,0.3,2.7,21.0
7,Jayson Tatum,BOS,74,35.7,26.9,9.1,19.3,47.1,3.1,8.2,37.6,5.6,6.7,83.3,0.9,7.2,8.1,4.9,1.0,0.6,2.5,27.6,74,36.9,30.1,9.8,21.1,46.6,3.2,9.3,35.0,7.2,8.4,85.4,1.1,7.7,8.8,4.6,1.1,0.7,2.9,29.9,76,35.9,26.9,9.3,20.6,45.3,3.0,8.6,35.3,5.3,6.2,85.3,1.1,6.9,8.0,4.4,1.0,0.6,2.9,25.9
220,Jevon Carter,CHI,72,13.9,5.0,1.9,5.1,37.8,1.1,3.3,32.9,0.1,0.1,57.1,0.2,0.7,0.8,1.3,0.5,0.2,0.5,4.1,81,22.4,8.0,3.0,7.0,42.3,1.8,4.2,42.1,0.4,0.5,81.6,0.4,2.1,2.5,2.4,0.8,0.4,1.0,9.1,66,13.7,4.2,1.5,3.8,38.7,1.0,2.6,38.8,0.2,0.3,83.3,0.2,1.5,1.7,1.5,0.4,0.2,0.5,5.0
102,Jonas Valančiūnas,NOP,82,23.5,12.2,4.9,8.8,55.9,0.5,1.5,30.8,2.0,2.5,78.5,2.3,6.5,8.8,2.1,0.4,0.8,1.4,18.6,79,24.9,14.1,5.6,10.3,54.7,0.5,1.4,34.9,2.3,2.8,82.6,2.8,7.3,10.2,1.8,0.3,0.7,2.0,19.8,74,30.3,17.8,6.9,12.7,54.4,0.8,2.1,36.1,3.2,3.9,82.0,3.1,8.3,11.4,2.6,0.6,0.8,2.4,24.2
64,Jonathan Kuminga,GSW,74,26.3,16.1,6.2,11.6,52.9,0.7,2.2,32.1,3.0,4.0,74.6,1.2,3.6,4.8,2.2,0.7,0.5,1.6,16.1,67,20.8,9.9,3.9,7.4,52.5,0.8,2.2,37.0,1.3,2.1,65.2,1.0,2.4,3.4,1.9,0.6,0.5,1.4,10.7,70,16.9,9.3,3.4,6.6,51.3,0.7,2.1,33.6,1.9,2.7,68.4,0.8,2.6,3.3,0.9,0.4,0.3,1.1,9.2
54,Jordan Poole,WAS,78,30.1,17.4,6.3,15.2,41.3,2.4,7.2,32.6,2.5,2.8,87.7,0.4,2.3,2.7,4.4,1.1,0.3,2.4,14.2,82,30.0,20.4,6.7,15.6,43.0,2.6,7.8,33.6,4.4,5.1,87.0,0.4,2.4,2.7,4.5,0.8,0.3,3.1,16.1,76,30.0,18.5,6.2,13.9,44.8,2.8,7.6,36.4,3.2,3.5,92.5,0.4,3.0,3.4,4.0,0.8,0.3,2.5,16.6
100,Jrue Holiday,BOS,69,32.8,12.5,4.8,10.0,48.0,2.0,4.7,42.9,0.9,1.0,83.3,1.2,4.2,5.4,4.8,0.9,0.8,1.8,17.2,67,32.6,19.3,7.3,15.3,47.9,2.4,6.1,38.4,2.3,2.6,85.9,1.2,3.9,5.1,7.4,1.2,0.4,2.9,22.0,67,32.9,18.3,7.1,14.2,50.1,2.0,4.8,41.1,2.0,2.7,76.1,1.0,3.5,4.5,6.8,1.6,0.4,2.7,21.2
236,KJ Martin,PHI,60,12.5,3.7,1.6,3.0,53.6,0.1,0.5,28.6,0.4,0.7,53.7,0.7,1.5,2.2,0.9,0.4,0.2,0.5,5.1,82,28.0,12.7,5.0,8.8,56.9,0.8,2.6,31.5,1.8,2.7,68.0,1.5,4.0,5.5,1.5,0.5,0.4,1.1,14.8,79,21.0,8.8,3.5,6.6,53.3,0.8,2.1,35.7,1.0,1.6,63.4,1.0,2.7,3.8,1.3,0.4,0.5,0.8,10.4
66,Keldon Johnson,SAS,69,29.5,15.7,5.7,12.5,45.4,1.8,5.3,34.6,2.5,3.2,79.2,1.4,4.1,5.5,2.8,0.7,0.3,1.4,16.1,63,32.7,22.0,8.0,17.7,45.2,2.1,6.5,32.9,3.9,5.2,74.9,0.9,4.2,5.0,2.9,0.7,0.2,2.1,17.7,75,31.9,17.0,6.3,13.5,46.6,2.1,5.3,39.8,2.4,3.1,75.6,1.1,5.0,6.1,2.1,0.8,0.2,1.2,17.0
136,Kentavious Caldwell-Pope,DEN,76,31.6,10.1,3.6,7.7,46.0,1.6,4.1,40.6,1.3,1.5,89.4,0.4,2.0,2.4,2.4,1.3,0.6,1.0,11.4,76,31.3,10.8,3.8,8.3,46.2,1.8,4.2,42.3,1.4,1.6,82.4,0.5,2.3,2.7,2.4,1.5,0.5,1.1,12.0,77,30.2,13.2,4.7,10.8,43.5,2.1,5.3,39.0,1.8,2.0,89.0,0.5,2.9,3.4,1.9,1.1,0.3,1.3,12.4
134,Kevin Huerter,SAC,64,24.4,10.2,3.9,8.8,44.3,1.9,5.3,36.1,0.6,0.7,76.6,0.6,2.9,3.5,2.6,0.7,0.4,0.8,11.5,75,29.4,15.2,5.6,11.5,48.5,2.7,6.8,40.2,1.3,1.7,72.5,0.6,2.8,3.3,2.9,1.1,0.3,1.3,15.2,74,29.6,12.1,4.7,10.3,45.4,2.2,5.6,38.9,0.6,0.7,80.8,0.4,3.0,3.4,2.7,0.7,0.4,1.2,12.4
225,Kevon Looney,GSW,74,16.1,4.5,1.9,3.1,59.7,0.0,0.0,0.0,0.8,1.1,67.5,1.9,3.7,5.7,1.8,0.4,0.4,0.7,10.4,82,23.9,7.0,3.0,4.7,63.0,0.0,0.0,0.0,1.1,1.9,60.6,3.3,5.9,9.3,2.5,0.6,0.6,0.5,17.1,82,21.1,6.0,2.5,4.4,57.1,0.0,0.0,0.0,0.9,1.5,60.0,2.5,4.7,7.3,2.0,0.6,0.6,0.8,13.2
200,Kyle Anderson,MIN,79,22.6,6.4,2.5,5.5,46.0,0.1,0.6,22.9,1.2,1.7,70.8,0.8,2.7,3.5,4.2,0.9,0.6,1.2,10.9,69,28.4,9.4,3.7,7.2,50.9,0.6,1.5,41.0,1.4,2.0,73.5,1.0,4.4,5.3,4.9,1.1,0.9,1.5,16.1,69,21.5,7.6,3.0,6.8,44.6,0.5,1.6,33.0,1.0,1.5,63.8,1.0,4.3,5.3,2.7,1.1,0.7,1.0,12.0
27,Kyle Kuzma,WAS,70,32.6,22.2,8.7,18.8,46.3,2.2,6.4,33.6,2.7,3.4,77.5,0.9,5.7,6.6,4.2,0.5,0.7,2.7,20.7,64,35.0,21.2,8.0,17.8,44.8,2.5,7.5,33.3,2.7,3.7,73.0,0.9,6.4,7.2,3.7,0.6,0.5,3.0,19.4,66,33.4,17.1,6.4,14.2,45.2,1.9,5.7,34.1,2.4,3.3,71.2,1.1,7.4,8.5,3.5,0.6,0.9,2.6,19.4
1,Luka Dončić,DAL,70,37.5,33.9,11.5,23.6,48.7,4.1,10.6,38.2,6.8,8.7,78.6,0.8,8.4,9.2,9.8,1.4,0.5,4.0,36.9,66,36.2,32.4,10.9,22.0,49.6,2.8,8.2,34.2,7.8,10.5,74.2,0.8,7.8,8.6,8.0,1.4,0.5,3.6,33.5,65,35.4,28.4,9.9,21.6,45.7,3.1,8.8,35.3,5.6,7.5,74.4,0.9,8.3,9.1,8.7,1.2,0.6,4.5,29.8
116,Malik Beasley,MIL,79,29.6,11.3,4.1,9.1,44.3,2.8,6.9,41.3,0.3,0.4,71.4,0.5,3.2,3.7,1.4,0.7,0.1,0.7,11.3,81,25.8,12.7,4.6,11.6,39.5,2.9,8.1,35.7,0.6,0.8,76.9,0.4,3.1,3.5,1.5,0.8,0.1,1.1,10.3,79,25.0,12.1,4.2,10.8,39.1,3.0,8.1,37.7,0.6,0.8,81.7,0.3,2.5,2.9,1.5,0.5,0.2,0.5,9.9
69,Malik Monk,SAC,72,26.0,15.4,5.5,12.4,44.3,2.1,5.9,35.0,2.4,2.8,82.9,0.4,2.6,2.9,5.1,0.6,0.5,2.1,15.2,77,22.3,13.5,4.6,10.3,44.8,1.9,5.2,35.9,2.4,2.7,88.9,0.4,2.2,2.6,3.9,0.6,0.3,1.9,13.0,76,28.1,13.8,5.1,10.9,47.3,2.3,5.8,39.1,1.2,1.5,79.5,0.5,2.9,3.4,2.9,0.8,0.4,1.6,13.6
212,Matisse Thybulle,POR,65,22.9,5.4,1.9,4.9,39.7,1.2,3.6,34.6,0.3,0.4,75.9,0.5,1.6,2.1,1.4,1.7,0.8,0.6,7.8,71,16.9,4.1,1.5,3.6,43.5,0.8,2.1,36.5,0.3,0.4,67.9,0.6,1.4,2.0,0.7,1.2,0.5,0.3,6.0,66,25.5,5.7,2.3,4.5,50.0,0.7,2.2,31.3,0.5,0.7,79.1,0.6,1.7,2.3,1.1,1.7,1.1,0.6,9.0
104,Max Strus,CLE,70,32.0,12.2,4.3,10.4,41.8,2.4,6.8,35.1,1.1,1.4,79.4,0.9,3.9,4.8,4.0,0.9,0.4,1.6,14.4,80,28.4,11.5,4.1,9.9,41.0,2.5,7.0,35.0,1.0,1.1,87.6,0.6,2.6,3.2,2.1,0.5,0.2,0.9,10.7,68,23.3,10.6,3.7,8.3,44.1,2.7,6.5,41.0,0.6,0.8,79.2,0.4,2.6,3.0,1.4,0.4,0.2,0.8,9.9
43,Mikal Bridges,BKN,82,34.8,19.6,6.9,15.8,43.6,2.7,7.2,37.2,3.1,3.9,81.4,0.8,3.7,4.5,3.6,1.0,0.4,2.0,17.5,83,35.7,20.1,7.1,15.3,46.8,2.0,5.3,38.2,3.8,4.3,89.5,1.0,3.4,4.4,3.3,1.1,0.7,1.5,19.5,82,34.8,14.2,5.6,10.5,53.4,1.4,3.8,36.9,1.6,1.9,83.4,0.9,3.3,4.2,2.3,1.2,0.4,0.8,16.2
115,Mike Conley,MIN,76,28.9,11.4,3.9,8.5,45.7,2.4,5.3,44.2,1.3,1.5,91.1,0.5,2.4,2.9,5.9,1.2,0.2,1.3,15.5,67,30.3,11.9,3.9,9.1,42.8,2.0,5.2,38.5,2.1,2.5,83.4,0.5,2.2,2.7,6.7,1.1,0.2,1.5,15.5,72,28.6,13.7,4.8,11.0,43.5,2.3,5.8,40.8,1.8,2.3,79.6,0.7,2.4,3.0,5.3,1.3,0.3,1.7,15.3
90,Naz Reid,MIN,81,24.2,13.5,5.0,10.5,47.7,2.1,5.0,41.4,1.3,1.8,73.6,0.9,4.3,5.2,1.3,0.8,0.9,1.4,14.3,68,18.4,11.5,4.6,8.5,53.7,1.1,3.2,34.6,1.3,1.9,67.7,1.1,3.8,4.9,1.1,0.6,0.8,1.4,13.0,77,15.8,8.3,3.0,6.2,48.9,0.7,2.2,34.3,1.5,1.9,76.5,1.3,2.6,3.9,0.9,0.5,0.9,1.1,9.9
172,Nickeil Alexander-Walker,MIN,82,23.4,8.0,2.9,6.6,43.9,1.6,4.1,39.1,0.6,0.8,80.0,0.4,1.6,2.0,2.5,0.8,0.5,0.9,9.0,59,15.0,6.2,2.2,5.0,44.4,1.0,2.7,38.4,0.7,1.0,66.7,0.3,1.5,1.7,1.8,0.5,0.4,0.9,6.5,65,22.6,10.6,3.9,10.5,37.2,1.6,5.2,31.1,1.2,1.7,74.3,0.6,2.3,2.9,2.4,0.7,0.4,1.4,8.6
214,Nicolas Batum,PHI,60,25.5,5.3,1.9,4.3,45.3,1.2,3.1,39.5,0.3,0.4,71.4,1.2,3.0,4.1,2.1,0.8,0.6,0.7,9.9,78,21.9,6.1,2.1,4.9,42.0,1.6,4.1,39.1,0.4,0.6,70.8,0.8,3.0,3.8,1.6,0.7,0.6,0.6,9.1,59,24.8,8.3,3.0,6.6,46.3,1.8,4.6,40.0,0.4,0.6,65.8,0.5,3.8,4.3,1.7,1.0,0.7,0.7,11.6
10,Nikola Jokić,DEN,79,34.6,26.4,10.4,17.9,58.3,1.1,2.9,35.9,4.5,5.5,81.7,2.8,9.5,12.4,9.0,1.4,0.9,3.0,38.5,69,33.7,24.5,9.4,14.8,63.2,0.8,2.2,38.3,4.9,6.0,82.2,2.4,9.4,11.8,9.8,1.3,0.7,3.6,38.0,74,33.5,27.1,10.3,17.7,58.3,1.3,3.9,33.7,5.1,6.3,81.0,2.8,11.0,13.8,7.9,1.5,0.9,3.8,38.7
50,Nikola Vučević,CHI,76,34.3,18.0,7.7,15.9,48.4,1.2,4.1,29.4,1.4,1.7,82.2,2.8,7.8,10.5,3.3,0.7,0.8,1.6,23.3,82,33.5,17.6,7.3,14.0,52.0,1.5,4.2,34.9,1.6,1.9,83.5,1.9,9.1,11.0,3.2,0.7,0.7,1.7,24.6,73,33.1,17.6,7.5,15.8,47.3,1.4,4.5,31.4,1.3,1.7,76.0,1.9,9.1,11.0,3.2,1.0,1.0,1.9,23.2
132,Obi Toppin,IND,82,21.1,10.3,4.0,7.1,57.3,1.2,3.1,40.3,0.9,1.2,77.0,1.0,2.9,3.9,1.6,0.6,0.5,0.8,12.7,67,15.7,7.4,2.8,6.3,44.6,1.3,3.7,34.4,0.6,0.7,80.9,0.4,2.4,2.8,1.0,0.3,0.2,0.6,7.6,72,17.1,9.0,3.5,6.6,53.1,0.7,2.3,30.8,1.3,1.7,75.8,1.0,2.8,3.7,1.1,0.3,0.5,0.8,10.3
96,P.J. Washington,DAL,73,30.4,12.9,4.8,11.1,43.6,1.8,5.7,32.0,1.4,2.0,68.3,1.2,4.5,5.6,1.9,1.0,0.8,1.3,14.0,73,32.6,15.7,5.9,13.4,44.4,2.0,5.9,34.8,1.7,2.4,73.0,1.0,3.9,4.9,2.4,0.9,1.1,1.5,15.4,65,27.2,10.3,3.8,8.2,47.0,1.7,4.6,36.5,0.9,1.2,71.6,1.3,3.9,5.2,2.3,0.9,0.9,1.3,13.6
29,Pascal Siakam,IND,80,33.2,21.7,8.5,15.9,53.6,1.1,3.1,34.6,3.6,5.0,73.2,1.7,5.3,7.1,4.3,0.8,0.3,1.8,23.7,71,37.4,24.2,8.9,18.5,48.0,1.3,4.0,32.4,5.2,6.7,77.4,1.8,6.0,7.8,5.8,0.9,0.5,2.4,25.8,68,37.9,22.8,8.8,17.8,49.4,1.1,3.2,34.4,4.2,5.6,74.9,1.9,6.6,8.5,5.3,1.3,0.6,2.7,25.5
209,Pat Connaughton,MIL,76,22.1,5.6,2.0,4.6,43.5,1.1,3.1,34.5,0.6,0.8,75.9,0.7,2.5,3.1,2.1,0.5,0.3,0.6,8.3,61,23.7,7.6,2.7,6.9,39.2,1.8,5.3,33.9,0.4,0.7,65.9,0.8,3.8,4.6,1.3,0.6,0.2,0.5,9.4,65,26.0,9.9,3.5,7.6,45.8,2.2,5.7,39.5,0.7,0.8,83.3,0.7,3.5,4.2,1.3,0.9,0.2,0.5,11.7
203,Patrick Beverley,MIL,73,20.0,6.2,2.2,5.2,41.7,0.8,2.5,33.7,1.0,1.2,82.2,0.7,2.6,3.3,2.9,0.6,0.4,0.9,9.2,67,27.1,6.2,2.1,5.4,40.0,1.2,3.6,33.5,0.7,1.0,72.3,0.7,3.0,3.7,2.9,0.9,0.6,0.9,9.9,58,25.4,9.2,3.1,7.5,40.6,1.4,4.2,34.3,1.7,2.3,72.2,1.1,3.1,4.1,4.6,1.2,0.9,1.3,13.6
36,RJ Barrett,TOR,58,31.7,20.2,7.5,15.2,49.5,1.6,4.3,36.0,3.6,5.0,71.5,0.9,4.5,5.4,3.3,0.5,0.4,2.2,18.6,73,33.9,19.6,7.0,16.1,43.4,1.7,5.3,31.0,4.0,5.4,74.0,0.8,4.2,5.0,2.8,0.4,0.2,2.2,15.3,70,34.5,20.0,7.0,17.1,40.8,2.0,5.8,34.2,4.1,5.8,71.4,0.9,4.9,5.8,3.0,0.6,0.2,2.2,15.8
135,Reggie Jackson,DEN,82,22.2,10.2,4.0,9.2,43.1,1.2,3.5,35.9,1.0,1.2,80.6,0.4,1.5,1.9,3.8,0.5,0.2,1.3,9.7,68,24.4,10.2,3.9,9.4,41.1,1.4,4.2,33.3,1.0,1.1,91.0,0.4,1.8,2.1,3.4,0.7,0.1,1.7,9.2,75,31.2,16.8,6.4,16.3,39.2,2.2,6.8,32.6,1.8,2.2,84.7,0.5,3.1,3.6,4.8,0.7,0.2,2.3,13.6
177,Royce O'Neale,PHX,79,24.7,7.7,2.7,6.8,39.7,2.0,5.3,37.0,0.3,0.4,68.6,0.8,4.0,4.8,2.8,0.7,0.6,0.9,11.4,76,31.7,8.8,3.0,7.8,38.6,2.1,5.5,38.9,0.7,0.9,72.5,0.7,4.3,5.1,3.7,0.9,0.6,1.5,12.6,77,31.2,7.4,2.6,5.8,45.7,1.5,4.0,38.9,0.6,0.7,80.4,0.8,3.9,4.8,2.5,1.1,0.4,1.0,11.9
80,Rudy Gobert,MIN,76,34.1,14.0,5.3,8.1,66.1,0.0,0.0,0.0,3.3,5.1,63.8,3.8,9.2,12.9,1.3,0.7,2.1,1.6,24.9,70,30.7,13.4,5.1,7.8,65.9,0.0,0.0,0.0,3.1,4.9,64.4,3.3,8.3,11.6,1.2,0.8,1.4,1.7,22.3,66,32.1,15.6,5.5,7.7,71.3,0.0,0.1,0.0,4.6,6.7,69.0,3.7,11.0,14.7,1.1,0.7,2.1,1.8,28.0
118,Russell Westbrook,LAC,68,22.5,11.1,4.4,9.8,45.4,0.6,2.3,27.3,1.6,2.4,68.8,1.4,3.7,5.0,4.5,1.1,0.3,2.1,13.9,73,29.1,15.9,5.9,13.6,43.6,1.2,3.9,31.1,2.8,4.3,65.6,1.2,4.6,5.8,7.5,1.0,0.5,3.5,18.1,78,34.3,18.5,7.0,15.8,44.4,1.0,3.4,29.8,3.4,5.1,66.7,1.4,6.0,7.4,7.1,1.0,0.3,3.8,19.9
87,Saddiq Bey,ATL,63,32.7,13.7,4.6,11.1,41.6,1.8,5.7,31.6,2.7,3.2,83.7,2.7,3.9,6.5,1.5,0.8,0.2,0.9,14.8,77,27.6,13.8,4.6,10.9,42.2,2.0,5.4,36.1,2.7,3.1,86.1,1.3,3.4,4.7,1.5,0.9,0.2,0.9,13.5,82,33.0,16.1,5.5,13.9,39.6,2.6,7.4,34.6,2.6,3.1,82.7,1.3,4.1,5.4,2.8,0.9,0.2,1.2,15.3
39,Scottie Barnes,TOR,60,34.9,19.9,7.5,15.7,47.5,1.7,4.9,34.1,3.3,4.2,78.1,2.4,5.9,8.2,6.1,1.3,1.5,2.8,24.9,77,34.8,15.3,6.0,13.2,45.6,0.8,2.9,28.1,2.5,3.2,77.2,2.3,4.3,6.6,4.8,1.1,0.8,2.0,18.7,74,35.4,15.3,6.2,12.6,49.2,0.8,2.6,30.1,2.1,2.9,73.5,2.6,4.9,7.5,3.5,1.1,0.7,1.8,19.1
129,Spencer Dinwiddie,LAL,76,28.3,10.5,3.3,8.4,39.2,1.6,4.8,33.7,2.2,2.8,80.5,0.4,2.3,2.7,4.7,0.7,0.3,1.2,11.9,79,34.5,17.3,5.8,13.3,43.8,2.3,6.2,36.9,3.4,4.2,81.2,0.4,3.1,3.4,6.5,0.8,0.3,1.8,18.3,67,29.6,13.7,4.6,11.0,41.6,1.7,4.9,33.9,2.9,3.8,77.4,0.7,3.5,4.2,5.2,0.7,0.2,1.6,15.1
158,Terance Mann,LAC,75,25.0,8.8,3.4,6.6,51.5,0.9,2.7,34.8,1.1,1.3,83.2,1.2,2.2,3.4,1.6,0.6,0.2,0.6,10.5,81,23.1,8.8,3.4,6.5,51.9,1.0,2.4,38.9,1.1,1.5,78.0,1.0,2.5,3.4,2.3,0.5,0.3,1.0,10.9,81,28.6,10.8,4.1,8.5,48.4,0.9,2.6,36.5,1.6,2.0,78.0,1.3,4.0,5.2,2.6,0.7,0.3,1.0,13.7
40,Terry Rozier,MIA,61,33.4,19.8,7.2,16.4,44.3,2.4,6.7,36.3,2.8,3.2,86.9,0.6,3.5,4.0,5.6,1.0,0.3,1.7,19.5,63,35.3,21.1,7.8,18.9,41.5,2.6,8.0,32.7,2.8,3.5,80.9,0.8,3.3,4.1,5.1,1.2,0.3,2.1,17.9,73,33.7,19.3,7.1,16.0,44.4,3.0,8.1,37.4,2.1,2.4,85.2,0.8,3.5,4.3,4.5,1.3,0.3,1.3,19.1
56,Tobias Harris,PHI,70,33.8,17.2,6.6,13.6,48.7,1.3,3.7,35.3,2.7,3.0,87.8,1.1,5.3,6.5,3.1,1.0,0.7,1.3,19.8,74,32.9,14.7,5.7,11.4,50.1,1.7,4.4,38.9,1.5,1.7,87.6,0.9,4.8,5.7,2.5,0.9,0.5,1.2,17.2,73,34.8,17.2,6.8,14.0,48.2,1.4,3.8,36.7,2.3,2.8,84.2,1.1,5.7,6.8,3.5,0.6,0.6,1.6,19.4
138,Tre Jones,SAS,77,27.8,10.0,3.9,7.8,50.5,0.8,2.5,33.5,1.3,1.5,85.6,0.8,3.0,3.8,6.2,1.0,0.1,1.5,15.5,68,29.2,12.9,5.0,10.9,45.9,0.7,2.3,28.5,2.2,2.5,86.0,0.8,2.8,3.6,6.6,1.3,0.1,1.6,16.6,69,16.6,6.0,2.4,4.9,49.0,0.1,0.7,19.6,1.0,1.3,78.0,0.4,1.8,2.2,3.4,0.6,0.1,0.7,8.9
184,Trey Lyles,SAC,58,20.0,7.2,2.5,5.5,44.5,1.4,3.8,38.4,0.8,1.2,70.0,1.1,3.4,4.4,1.2,0.3,0.3,0.7,9.4,74,16.9,7.6,2.5,5.5,45.8,1.2,3.2,36.3,1.4,1.7,81.5,0.9,3.1,4.1,0.9,0.4,0.4,0.9,9.2,75,20.5,10.5,3.5,7.5,46.6,0.9,2.8,32.1,2.6,3.2,80.2,1.2,3.9,5.1,1.2,0.4,0.4,1.0,11.9
231,Troy Brown Jr.,DET,59,14.0,4.2,1.4,3.8,37.2,0.8,2.4,33.3,0.5,0.6,86.5,0.4,2.0,2.4,1.0,0.4,0.1,0.5,5.1,76,24.5,7.1,2.6,6.1,43.0,1.4,3.7,38.1,0.4,0.5,87.2,0.8,3.2,4.1,1.3,0.8,0.2,0.6,9.2,66,16.0,4.3,1.6,3.9,41.9,0.7,2.0,35.3,0.3,0.4,76.9,0.6,2.5,3.1,1.0,0.5,0.1,0.4,6.2
11,Tyrese Maxey,PHI,70,37.5,25.9,9.1,20.3,45.0,3.0,8.1,37.3,4.7,5.4,86.8,0.5,3.2,3.7,6.2,1.0,0.5,1.7,23.7,60,33.6,20.3,7.3,15.2,48.1,2.7,6.2,43.4,3.0,3.6,84.5,0.4,2.6,2.9,3.5,0.8,0.1,1.3,17.9,75,35.3,17.5,6.4,13.3,48.5,1.8,4.1,42.7,2.8,3.3,86.6,0.3,2.9,3.2,4.3,0.7,0.4,1.2,17.7
108,Tyus Jones,WAS,66,29.3,12.0,4.9,10.1,48.9,1.6,3.9,41.4,0.5,0.6,80.0,0.3,2.4,2.7,7.3,1.1,0.3,1.0,17.1,80,24.2,10.3,3.9,8.9,43.8,1.5,4.1,37.1,1.0,1.3,80.0,0.4,2.2,2.5,5.2,1.0,0.1,0.9,13.0,73,21.2,8.7,3.4,7.6,45.1,1.1,2.8,39.0,0.7,0.9,81.8,0.2,2.2,2.4,4.4,0.9,0.0,0.6,11.5
